Id,Category
100574956_ccfcc18d73.jpg,0
1099941359_7ae0572599.jpg,0
114324557_207c56f408.jpg,0
124733310_88c9edef2b.jpg,0
1255927570_ebb5676a1a.jpg,0
129260654_805dfe4c52.jpg,0
1304308103_4c33f985e3.jpg,0
131661659_8a336a7d72.jpg,0
132700619_807e077062.jpg,0
1399804209_24dd4e9ed4.jpg,0
140579971_4735dc8c0f.jpg,0
148113522_3b0c62dcf1.jpg,0
149768475_338093720e.jpg,0
150553917_8cc96f4039.jpg,0
1510178251_ccca2d1547.jpg,0
1512312536_6f61a16a4e.jpg,0
15704914_ea05e564f31232.jpg,0
1588215284_a92b076194.jpg,0
1646130515_d3424e69bf.jpg,0
1647014052_ef13ddb7b8.jpg,0
17055170_c500725723123.jpg,0
1731472229_6bf491f5bc.jpg,0
1737917029_e1feeb0629.jpg,0
178657486_33874a6615.jpg,0
1848256007_18c19e2d0b.jpg,0
1862544221_eea4bc26ea.jpg,0
19016283_03f8fce2de1.jpg,0
1926524958_6c8248dbfe.jpg,0
193813953_5ff477fd2e.jpg,0
197201220_425b3a39ef.jpg,0
197248946_e1e0c636db.jpg,0
2038919327_79e97b380b.jpg,0
2043159074_1b5dabcb37.jpg,0
2043177578_681270a538.jpg,0
206267373_4e1d893c6f.jpg,0
2073557906_fc3c94c299.jpg,0
2073643014_8ecbdbd760.jpg,0
2075802956_fdf9d917a7.jpg,0
207595990_6613cb2185.jpg,0
209779652_ed83eee3af.jpg,0
2104550383_7ca7d34dd8.jpg,0
2112334051_fddb6ff69f.jpg,0
2132419698_dd2641ac12.jpg,0
2155699664_c662ea8c1a.jpg,0
2165868395_2f965cecd3.jpg,0
220719793_408d25b459.jpg,0
2234973118_366fec3763.jpg,0
2258717758_79fbf456e9.jpg,0
2261571183_aa2961268a.jpg,0
2262418860_78bf5792e9.jpg,0
2315991870_3cd2a3cded.jpg,0
2321952758_bd792e5156.jpg,0
2326567687_270915ffdd.jpg,0
2334025078_6c07362507.jpg,0
2337490984_291b01312b.jpg,0
2337923759_f53315f5a0.jpg,0
2337924477_a8f10f2b28.jpg,0
2394023342_7bb9fb6af4.jpg,0
2403987370_5be786ed02.jpg,0
2410687973_774a8e1848.jpg,0
2431555135_b9977b4f2d.jpg,0
243404505_6b3db2b38e.jpg,0
2444683677_4b0d120248.jpg,0
244510108_54177663fd.jpg,0
2455319970_3353b0b541.jpg,0
2480212455_85835584db.jpg,0
2536232265_b8bfed0ac8.jpg,0
2562732252_afa2c90e21.jpg,0
2571877131_befb70207b.jpg,0
2576984819_daa8e59e75.jpg,0
2585676484_b0d9fe37c7.jpg,0
2649486309_e219299b24.jpg,0
2671635488_262df68644.jpg,0
269591339_c4185aed53.jpg,0
2707596196_1047fa7b74.jpg,0
2724822231_1554bddf3a.jpg,0
2725725076_916aaa1064.jpg,0
279551945_9ceb21dbba.jpg,0
28848637_fb93a8b2d.jpg,0
294473439_fa6df40396.jpg,0
295656508_3672afa948.jpg,0
306393347_533824f619.jpg,0
336693621_05e60addd2.jpg,0
345090920_9d05ea34f5.jpg,0
354115002_edf456bc77.jpg,0
377756424_a2bd35180f.jpg,0
38364046_24d9cca5.jpg,0
385341545_9f631e6d7d.jpg,0
388364576_3b1ef11d02.jpg,0
388364578_2996e5c2bf.jpg,0
388364587_64b2370a82.jpg,0
396525141_fdb672d95e.jpg,0
407239899_4f0e471020.jpg,0
420257932_91a79f131f.jpg,0
423873432_95420959b6.jpg,0
425399322_b8c9f3facf.jpg,0
432296669_8e70269a64.jpg,0
508060193_9c49eb2d91.jpg,0
531326560_e50926d902.jpg,0
536941317_c5bf6ead05.jpg,0
544576147_219a9d6b43.jpg,0
560083791_8f59eb356f.jpg,0
562903009_a72eb07f50.jpg,0
581969595_b183827f4c.jpg,0
604380719_edaf54913e.jpg,0
604946715_b343afe46a.jpg,0
64200950_3861b838dc.jpg,0
64831538_31889a4190.jpg,0
661682258_52d55b9cf5.jpg,0
669328450_de8be74cc7.jpg,0
6734386_57afa9b15612321.jpg,0
6855700_132095a6671232.jpg,0
698997666_7b5db20443.jpg,0
719890953_63d43b2f12.jpg,0
751957712_970ea52220.jpg,0
80279504_3b883ce99c.jpg,0
838419299_b3c260232a.jpg,0
860435251_f230e4646c.jpg,0
862178615_cbd61bedef.jpg,0
952270951_c08906c1ae.jpg,0
976461656_8b0c45b545.jpg,0
101785441_67ab962d33.jpg,1
1037210243_318922a9f6.jpg,1
1049852114_28795f1503.jpg,1
1063663572_d2071882a7.jpg,1
10649366_ef9dbfd34a.jpg,1
107759625_d86d8b8a0b.jpg,1
112594641_7f1b9a4c5a.jpg,1
113837123_2af66d651e.jpg,1
113893980_5518314749.jpg,1
1149157136_c72f22d78c.jpg,1
11543654_755368c930.jpg,1
1165245408_f6d2a19d98.jpg,1
117021856_b69d0c622d.jpg,1
1171835222_0eec3ad516.jpg,1
1233406410_ba5779f2d9.jpg,1
1234288300_f45cbe4939.jpg,1
124401863_082a97821f.jpg,1
1259666254_245fab7b6d.jpg,1
1268496403_3f7294cd8e.jpg,1
127443097_231e00fd83.jpg,1
1304417567_ec1d461f0c.jpg,1
1321801523_2c90710e50.jpg,1
1337272517_3b9c357d8c.jpg,1
1374917000_5aa3388136.jpg,1
1398487316_9ddb8077a6.jpg,1
140898286_c4423857bb.jpg,1
1413051171_e95f73eb7f.jpg,1
142340864_9572d4a2a7.jpg,1
142402524_30ca16ef75.jpg,1
1433160275_8a2febefce.jpg,1
144439295_d5bdc2e693.jpg,1
147389938_bba3e1fbc7.jpg,1
1517350095_956fa1ce12.jpg,1
1572209012_5188fdb4a0.jpg,1
158388384_99a16718c0.jpg,1
158908663_b86e3d12b6.jpg,1
1605319376_01eb10de16.jpg,1
161396411_489683f0ba.jpg,1
164216337_ea23a9257d.jpg,1
164890274_5b1bfb4470.jpg,1
1659291172_3b69876bb0.jpg,1
166471686_652d09ffbd.jpg,1
1730155434_6596c76753.jpg,1
1746760003_bec352b65d.jpg,1
175868675_5899d57e3d.jpg,1
1803984008_b10471ba0b.jpg,1
184794043_e67bf330db.jpg,1
184882491_530f121fe7.jpg,1
18527096_216b36619a.jpg,1
189900965_aa74dce707.jpg,1
190128821_71c06a2fc4.jpg,1
193307828_3d879dd99b.jpg,1
193687006_031e9d9831.jpg,1
19624966_ebd70866a4.jpg,1
199994239_0dec63560f.jpg,1
201918981_ecd8c24d47.jpg,1
201965684_35a31b67e7.jpg,1
2031225270_0b6b0b59db.jpg,1
2069915996_990712e2ea.jpg,1
20817767_b31d03e32c.jpg,1
208929211_1d5f922df6.jpg,1
2089878380_6fff3866e0.jpg,1
2092307328_23c86e141f.jpg,1
210528313_810edfa467.jpg,1
2114098775_3418976ee6.jpg,1
2115846015_c01f68bbaa.jpg,1
2128904451_a82e5dde9c.jpg,1
213756214_61b6a22e49.jpg,1
2138777528_b3cdecf23b.jpg,1
2156016_a0da35e7e0.jpg,1
216014372_431e209988.jpg,1
2173983253_3f5f629029.jpg,1
2188668891_dd29875e3c.jpg,1
2196617564_ef627e3c3d.jpg,1
2211782503_70e275cc98.jpg,1
2214516476_518c227a96.jpg,1
2246170723_3310230b5f.jpg,1
2248422877_0e66dacbd6.jpg,1
2272222737_5710fbcaaa.jpg,1
2281678673_9033ec8e06.jpg,1
2282418707_f5d3920c35.jpg,1
2283964310_99e838a86e.jpg,1
2284038063_d51993a2d7.jpg,1
2284823704_64e25971b5.jpg,1
2296432588_e6d76299c3.jpg,1
22966173_d19d24625b.jpg,1
230218581_fc805aa4cf.jpg,1
2303929959_03083c9196.jpg,1
23126696_ca81f42e6d.jpg,1
2327691064_a830f3bb7b.jpg,1
2340342932_6cef2e8f7d.jpg,1
2342769285_3d7b570e5f.jpg,1
2363471822_6aaf8c3afa.jpg,1
237370680_7722a225fe.jpg,1
2379700108_4419a09433.jpg,1
24010204_de19f464d7.jpg,1
2431430947_d83be53af6.jpg,1
2442708952_34c31a64b3.jpg,1
2450082450_eb096bd5dd.jpg,1
245449716_18409342c6.jpg,1
2458406671_666c275e23.jpg,1
2459242666_3bc78bcebb.jpg,1
2462545360_ebe66f0fe0.jpg,1
2463989860_28a9d6743c.jpg,1
2468288685_5011828931.jpg,1
2485117675_1c66187164.jpg,1
2485940034_8871d7876a.jpg,1
2508794_3888b55f81.jpg,1
2532730800_5b7b8a2ce5.jpg,1
2538826233_19bc188fa0.jpg,1
2539655388_6d3c6a10f0.jpg,1
2545091901_a55857e00b.jpg,1
255123183_373868cdb0.jpg,1
2559517077_687c0b58d6.jpg,1
2568782223_77528cf574.jpg,1
2572455190_533e32f6d5.jpg,1
2578681427_cd80c24f61.jpg,1
2583602856_85232350fb.jpg,1
2588795677_471e569402.jpg,1
2616229147_f599d7a631.jpg,1
2620747691_c497071d2f.jpg,1
2632530304_c25ed7ee5b.jpg,1
264340201_7b70127d5b.jpg,1
2650190165_12b33be4ca.jpg,1
266807093_c333c62f0a.jpg,1
2671994045_d0e4b3c401.jpg,1
2688544514_cfd64ef6a9.jpg,1
2688544898_18ff0d8f7a.jpg,1
2692412306_9c4f4bf464.jpg,1
2695243921_a3fd020d42.jpg,1
26965413_4d5664b46e.jpg,1
2703854782_eef0cbf953.jpg,1
27182672_fe89244471.jpg,1
2729545180_c2db947fb2.jpg,1
2729629318_62c49004b1.jpg,1
277306005_0ac0b4eed1.jpg,1
290385318_983a8ec57b.jpg,1
301279_55dd3c1d7f.jpg,1
306828694_f1688e2f0e.jpg,1
311738880_4102d67bdb.jpg,1
321544476_ea270f186c.jpg,1
360545640_4b99336de6.jpg,1
364464476_b65f4e7144.jpg,1
366097965_4088fae251.jpg,1
367199683_2493946632.jpg,1
369246745_53983490ae.jpg,1
387630195_db6ec4a0d6.jpg,1
389462733_13beef4199.jpg,1
400438492_2cdb6b6e90.jpg,1
407912267_869180c96d.jpg,1
40975666_7bfd3b43f5.jpg,1
425308028_ce17167bb7.jpg,1
436375711_4ac997f9fc.jpg,1
442476925_609903fddb.jpg,1
449013824_06f180a6fc.jpg,1
453552406_f70e8156cc.jpg,1
457619379_4ef9513aa9.jpg,1
458258255_6dec9b8010.jpg,1
46120703_c4526dacde.jpg,1
464639780_04810e507b.jpg,1
466107244_1d976d9ffd.jpg,1
4686507_9d820b507d.jpg,1
47992802_196494fe20.jpg,1
483380111_0336277e20.jpg,1
489005496_f92a5b2dc3.jpg,1
49206696_02f00a1e2a.jpg,1
493983170_9e3c4aa62d.jpg,1
495397055_0dd5ea3b0e.jpg,1
495917504_57231c0f83.jpg,1
49902206_cd5ae5e2bc.jpg,1
502922189_2482c84023.jpg,1
505942057_4448afe31d.jpg,1
508936165_e2492df740.jpg,1
512360375_c82e2d683c.jpg,1
51966134_a4883ef500.jpg,1
520416998_e354588c32.jpg,1
522676783_53cdcf79de.jpg,1
52368761_32eab05fe9.jpg,1
524353354_1c582c147f.jpg,1
52507084_7b6cae49a1.jpg,1
530602592_8fc6c99166.jpg,1
530709701_6e5e165fcd.jpg,1
530709833_b48e71159c.jpg,1
533410224_502877e756.jpg,1
537782512_19d4dc8c33.jpg,1
538444267_3c0a65fa49.jpg,1
539712151_3f436da521.jpg,1
54133573_7e60766f6c.jpg,1
54143389_e2d42eea7e.jpg,1
548683369_f0f50dd487.jpg,1
561940943_71ea5b4766.jpg,1
56310475_60b308e92a.jpg,1
573602062_9063a3d309.jpg,1
58498441_1a1fdb3e83.jpg,1
639860677_d42a1b9cbb.jpg,1
676403779_36507f6431.jpg,1
705660319_dc195aba00.jpg,1
70619968_3ff5580a57.jpg,1
714159242_123fb3dc68.jpg,1
74133023_6a81315c60.jpg,1
824117577_c0453a7283.jpg,1
844443982_3f263cc62e.jpg,1
8593342_f426aa90f7.jpg,1
864444338_a0c21a72fc.jpg,1
92217891_f158f9ef8f.jpg,1
938915724_3f5554075d.jpg,1
96389180_c5e58dc19a.jpg,1
965631678_2d9b3d0364.jpg,1
96600681_98e6b48c81.jpg,1
96916162_556228f65b.jpg,1
984386662_32c189c440.jpg,1
1081512254_879475ed60.jpg,2
1084589570_b3dd42f693.jpg,2
1097887041_8fe45e840a.jpg,2
1128932598_a7dd570b88.jpg,2
1137646735_2fb2752249.jpg,2
116462660_81bf7422ee.jpg,2
1177644899_de9d0f0105.jpg,2
118841012_7041556c99.jpg,2
1192014903_0a004b7fae.jpg,2
12002970_5dd9391344.jpg,2
1260326450_01fefc2d7a.jpg,2
130502451_8ddcc0c139.jpg,2
132816355_320463d312.jpg,2
1344191937_6ee9102873.jpg,2
1345529879_cca5de2226.jpg,2
1352679678_74511f4eed.jpg,2
1361746217_7e32e71293.jpg,2
1388274002_2f588d6107.jpg,2
1388705719_7bd386062b.jpg,2
1388826099_01505abea9.jpg,2
1388869233_ef04a721f0.jpg,2
1389089819_143b71928e.jpg,2
1389100435_024f76d449.jpg,2
1389127753_0c90cae3d8.jpg,2
1389527018_5cb27542ee.jpg,2
1389986966_2e05482189.jpg,2
1410830620_2efe7370c2.jpg,2
1420768666_d72d0c4481.jpg,2
145848224_3333ac0525.jpg,2
145922523_829549e121.jpg,2
1471727512_ada7337bdd.jpg,2
149016892_44990171f4.jpg,2
149213354_0b59bd05a1.jpg,2
1511205605_8e924d433a.jpg,2
153487802_65a8a2cd0a.jpg,2
1562281551_d502ef70ea.jpg,2
1562305641_7e37719fc0.jpg,2
156600794_83546c9acf.jpg,2
161291749_8a478c0705.jpg,2
163846580_0045475a6e.jpg,2
1651318005_1289623cc8.jpg,2
167414709_ae68424456.jpg,2
1679332342_a7553bd16b.jpg,2
169269176_08a7e2f3c0.jpg,2
1700378831_db202ab909.jpg,2
1719163879_e056918f46.jpg,2
18166485_80c1c21945.jpg,2
182518166_09f92ceed1.jpg,2
184315194_8320ddd986.jpg,2
18593416_68560052c6.jpg,2
1895554483_e861f59c9b.jpg,2
191919900_1727c56829.jpg,2
19416653_1c7c59ff36.jpg,2
1960075851_17c9dc6d6f.jpg,2
196626750_f8f1c1da0a.jpg,2
197595631_930cebe2c9.jpg,2
199805006_38be013ea7.jpg,2
2046920488_d6c5e2ffb4.jpg,2
205860798_988a41d311.jpg,2
2059720875_5a7949ed89.jpg,2
2061069980_a1b87aaef1.jpg,2
2070374003_fe540fd277.jpg,2
2097258855_0f1b7811e9.jpg,2
2109605819_fa5517fb2a.jpg,2
2110386573_befb75c3ea.jpg,2
2116965763_923c90ee33.jpg,2
2154155172_4a785dabc1.jpg,2
2154937498_e17624e237.jpg,2
2165274645_deb9074cf9.jpg,2
2183294396_e437a4f162.jpg,2
2197865403_7be3b4473a.jpg,2
2198102005_b462b39747.jpg,2
2210892916_cf13b68b8a.jpg,2
2217258280_fdac6f8fe7.jpg,2
22206399_6cc9db7e33.jpg,2
2221072666_4fb99013db.jpg,2
2222707561_9b1697036b.jpg,2
2223408680_e5de8a0d0c.jpg,2
2223486544_e97f6301fd.jpg,2
222395559_22803c1b22.jpg,2
222435049_926069b864.jpg,2
2226494058_b69787767b.jpg,2
2240079756_81b9820f45.jpg,2
2240081002_938b6c2016.jpg,2
2240814951_a9f80c7ff5.jpg,2
2241248584_38a9afa9ab.jpg,2
2250740904_8bdb82c09c.jpg,2
2252060365_0b13f9766d.jpg,2
2252853368_aca02d46ac.jpg,2
2268382789_2a310d3e97.jpg,2
2273035144_35da836ace.jpg,2
2287252189_404edf5b91.jpg,2
2290016108_4e88f709e1.jpg,2
2294648025_f7d43325bf.jpg,2
2295426900_bbfa44a917.jpg,2
2301196459_b337e86bc7.jpg,2
2301208681_e0745cbe6f.jpg,2
2301958002_a752deccc7.jpg,2
2302281914_4d60879f69.jpg,2
230965538_f8ef1b02a9.jpg,2
2316990230_a4e77a6e84.jpg,2
2319626512_73fe2db207.jpg,2
2330270303_66d183c5ef.jpg,2
2331812960_f3684ae49e.jpg,2
2349463783_800411301e.jpg,2
2350300496_73ca440155.jpg,2
2351420346_23c219eab5.jpg,2
2370833315_61de5b19e3.jpg,2
2373057851_5d06a605c3.jpg,2
2381133853_baa778028d.jpg,2
2392047798_22c55fa7d3.jpg,2
2397823303_21509ef0ed.jpg,2
2405330222_a9142ef874.jpg,2
2413834942_907709e5ac.jpg,2
2415479063_03a4590093.jpg,2
2417917273_7810ce7301.jpg,2
2417918829_032703078a.jpg,2
2425247301_c1a7fec874.jpg,2
2425247789_de445702fa.jpg,2
2426868317_001be84d96.jpg,2
2426956295_a2b2b43d6f.jpg,2
2428576787_6658c61000.jpg,2
2429385972_5ac5cc7748.jpg,2
2431219569_376722db1c.jpg,2
2431252527_e05b0cf672.jpg,2
2431274283_7b1c8c7d78.jpg,2
2431313043_0726effd05.jpg,2
2431953058_bea1d98f76.jpg,2
2431999456_6118714051.jpg,2
2432129184_2a6364edeb.jpg,2
2432663625_c90a78d529.jpg,2
2433900387_78d47fbfa8.jpg,2
2436304949_2758b058e8.jpg,2
2436617976_7bb581d2d0.jpg,2
2436639098_5dcf2e3a3b.jpg,2
2437224662_a29c95ba90.jpg,2
2440206343_1fb4ac5ef5.jpg,2
2448297953_272c37af3d.jpg,2
2454402806_257fff2378.jpg,2
2454464852_93202af2ca.jpg,2
2455813883_7364d1c70a.jpg,2
2456633648_02baeaa5c5.jpg,2
2464033235_8a2beb9be2.jpg,2
2464092263_06384b6ee5.jpg,2
2464718848_c2968f7dca.jpg,2
2464763251_ed70efa33d.jpg,2
2467352715_a292bd40e7.jpg,2
2470195397_86ec8c95fe.jpg,2
2483967922_e1c95dd28e.jpg,2
2487329640_b0fbb617a2.jpg,2
2491559585_1ef4bf1629.jpg,2
2491564829_f51586bcfa.jpg,2
2491565093_3315d56e69.jpg,2
2492959168_0a5e6e5414.jpg,2
2500152544_0aede7e487.jpg,2
2504675586_4bbc1ec082.jpg,2
2505784356_86baecd476.jpg,2
2506391186_8a5cf5951f.jpg,2
2507428095_fd16ed13b6.jpg,2
2508563797_7da0a8cb99.jpg,2
2509447874_0bafcecdd8.jpg,2
2511322786_2a73d4969d.jpg,2
2511386544_d1590e73f7.jpg,2
2513238947_9873e577e9.jpg,2
2513380607_f01e599c93.jpg,2
2536558840_09fd28c1ee.jpg,2
2547340266_82aa044710.jpg,2
2553716656_43ef5f8e6b.jpg,2
2562274937_47a6e4bf3a.jpg,2
2570822777_30d2c5d3cc.jpg,2
2572249513_ba76b2b8e6.jpg,2
2577908327_83be663bce.jpg,2
2579691643_b956c748eb.jpg,2
2579888393_d6a3249709.jpg,2
2580618320_7ae76cceb6.jpg,2
2580642594_6a0be7d19f.jpg,2
2583556056_b14b1005f5.jpg,2
2586006533_3a903c0529.jpg,2
2586393985_813dd4a8d7.jpg,2
2589199493_fca6f32109.jpg,2
2590036126_813f4ec340.jpg,2
2590053290_74241a2870.jpg,2
2590939229_e322b52f53.jpg,2
2598419064_7b3bcdaa7f.jpg,2
2599332519_a6616cdf16.jpg,2
2599723500_85b30b9305.jpg,2
2600152632_6d4f1d7f4b.jpg,2
2600932223_d4b9480383.jpg,2
2600998337_43ce5d66e4.jpg,2
2607143506_3248d86d4e.jpg,2
2615671272_b620115fec.jpg,2
2617471263_b1678f4de3.jpg,2
26188741_0a4a18d992.jpg,2
2622022216_5cf553eb9e.jpg,2
2624845332_c6df2fe7dc.jpg,2
2625904365_91d9e55d10.jpg,2
2626751796_d9b3fc89e5.jpg,2
2627141492_207221e95c.jpg,2
2628194225_3254e2624d.jpg,2
2628959964_e98abaa2b9.jpg,2
2630048717_96cc0a8318.jpg,2
2632810353_ef6a7bb5ee.jpg,2
263312993_d7cf3ab79c.jpg,2
2633668806_2b68667020.jpg,2
2645164933_52eefa0e10.jpg,2
2648659315_3c36a847d7.jpg,2
2649449358_fed712e03d.jpg,2
2654615829_5ccd7e2ec8.jpg,2
2655494038_4a25e8e1c8.jpg,2
2655497620_25423295f0.jpg,2
2655559146_e61e45a3e5.jpg,2
265690805_6b0ea343ff.jpg,2
2660579996_37cb1c6e4e.jpg,2
2660844099_69884084c3.jpg,2
266156191_4e3cc50ef6.jpg,2
2661836560_447b0fb4fd.jpg,2
2667096806_0d41ea9338.jpg,2
2667551478_90e499d286.jpg,2
2683455302_e3171547b0.jpg,2
2685497486_0706dd9d82.jpg,2
2685904882_28d136c203.jpg,2
2690113895_507f0fb71a.jpg,2
2690941404_f5a75a4568.jpg,2
2691402088_de95316084.jpg,2
2691435561_19680a057a.jpg,2
2691453619_0def922afe.jpg,2
2691751663_2aa5f2b6ef.jpg,2
2692402094_691abb1c15.jpg,2
2694806023_e8ce12bb58.jpg,2
2695625158_1d8032bc70.jpg,2
2696791354_0f9fdf4594.jpg,2
2702189818_fc0dda5a7e.jpg,2
2703506365_d1ef734674.jpg,2
2706682963_1a8094e142.jpg,2
2707694861_b207366a89.jpg,2
2710098548_0b83161f4a.jpg,2
2715757519_10af1304e3.jpg,2
2716595106_b48cab5f59.jpg,2
2716882129_7602771ba6.jpg,2
2723871673_153cee86a2.jpg,2
2724690980_9e2c7c24a1.jpg,2
2725056244_e7fa98ede2.jpg,2
2733035356_75e66f94db.jpg,2
2746445631_ddc0e305ee.jpg,2
2758605800_a7c50505a9.jpg,2
27929276_6174c21654.jpg,2
2844103395_b2395772d0.jpg,2
2847276246_1068e3834a.jpg,2
29162881_976b39259d.jpg,2
2925217019_6fa59902b0.jpg,2
29891979_f7bdab6c6d.jpg,2
3009400398_63f61c416a.jpg,2
312143711_76d19eab11.jpg,2
3183755429_75ddc24802.jpg,2
31982429_fa4f574827.jpg,2
320418372_79a8f01b21.jpg,2
3347024_293ada0bd9.jpg,2
340197309_ff82ead257.jpg,2
34272840_cd48b27bfe.jpg,2
351847117_35d66aeb91.jpg,2
361738708_f6350f2b4d.jpg,2
369636931_196e952217.jpg,2
374294882_6a5cc96ffb.jpg,2
397887807_3ca7a631ed.jpg,2
42183271_0231a199a9.jpg,2
4255247_705faf5947.jpg,2
4311780_f55e88a4e3.jpg,2
432652462_c52053e0ae.jpg,2
440197400_7ceb205417.jpg,2
447282920_103e199bd8.jpg,2
447806584_1b23af68dc.jpg,2
449735439_601d083589.jpg,2
465826793_cef139ecd4.jpg,2
465830429_adfdba4bec.jpg,2
47410016_59e666c0b0.jpg,2
485754821_aeb21e1aa3.jpg,2
507458009_37b093dd82.jpg,2
512505776_f969882e2c.jpg,2
512639967_3c371ad1d6.jpg,2
534980886_bad9a81cc9.jpg,2
539222789_99d6512241.jpg,2
582729772_dd478413ce.jpg,2
60424045_d15db2b71a.jpg,2
606170654_565f6e141d.jpg,2
606185496_80e6728b79.jpg,2
69365362_7fc68ad1c0.jpg,2
82191177_aec95b3310.jpg,2
89033551_412c637238.jpg,2
89705829_e9a349e11c.jpg,2
92520711_360ad76a6b.jpg,2
98068793_5748e8b8b6.jpg,2
1013926955_d33ef1fb75.jpg,3
108503753_971c399b31.jpg,3
1171035303_8ae3db78a6.jpg,3
1224770992_558d69a8e5.jpg,3
1280125785_2857a34810.jpg,3
129391975_4686fc34b0.jpg,3
1336517988_9a818d2104.jpg,3
1347846289_66ad3d9f8d.jpg,3
1350952298_49a2b898cc.jpg,3
1350952318_f041ab35bb.jpg,3
1393571729_a3ee0597f7.jpg,3
147311655_39288232f3.jpg,3
1494698029_2bf14de882.jpg,3
1500214242_334d3e2e05.jpg,3
1538791484_9c7a419c09.jpg,3
15453089_73b86b68c8.jpg,3
1553460059_8715ab6525.jpg,3
1601340125_457e2e992c.jpg,3
1605035005_f87788619d.jpg,3
1662763_a8156f5a2a.jpg,3
174247211_5b721ab3e8.jpg,3
1750484061_9eb4b26163.jpg,3
1791652397_6057736bb7.jpg,3
191088466_ab74ca22fa.jpg,3
195617507_8077644881.jpg,3
1989700928_b52c18cb97.jpg,3
2113619619_bed0466501.jpg,3
2124701348_bcf7bd1f11.jpg,3
2179176923_132e7709b2.jpg,3
2180821849_dd01391510.jpg,3
2183824710_001db20159.jpg,3
221150984_2c972ce92f.jpg,3
221153853_bbde48f376.jpg,3
222979768_0f69f0c8c7.jpg,3
2239465337_4644d3d5fa.jpg,3
2247998101_91096ac86b.jpg,3
231790141_a5d46017b1.jpg,3
2343315496_c5f725169b.jpg,3
2343316278_5e69496c41.jpg,3
237768641_806dd93277.jpg,3
2437043545_fe4ace9863.jpg,3
2444815318_13d1865cdc.jpg,3
2447814217_3077741b4f.jpg,3
2448649120_fa4c2f932a.jpg,3
2456107400_7e979b6a8c.jpg,3
2478889241_fc09c7ecd1.jpg,3
251672576_4361ad8252.jpg,3
2525650931_2e7af0c744.jpg,3
2525966537_a1687ba741.jpg,3
2526074006_61c06c4371.jpg,3
2531217803_9589b8578b.jpg,3
2531982305_0fac451886.jpg,3
2537556595_1aeacf67ab.jpg,3
2541542513_7156aebdae.jpg,3
2554804188_25da852416.jpg,3
2557128250_5ce957d28e.jpg,3
2562146713_50b4bf64f1.jpg,3
2591014331_1b98dd4ea5.jpg,3
2601291284_a7b00fc36e.jpg,3
2601299772_9df923886b.jpg,3
2606019006_7e2826b77f.jpg,3
2616072887_984aae4b34.jpg,3
2621320999_fae2b872fc.jpg,3
2624005366_0c50b8b460.jpg,3
2654859843_e8279a7565.jpg,3
2654859983_8355a0c871.jpg,3
2683738574_1353a2ed48.jpg,3
2719989575_6e8fdcdd23.jpg,3
2722224650_a1f0977eeb.jpg,3
293810311_43a1b310e3.jpg,3
296321712_18026295d3.jpg,3
299886240_0e2d80ad49.jpg,3
299899012_e24454b5e7.jpg,3
299902802_031ea67860.jpg,3
299902932_ac570c3110.jpg,3
299904790_c33fbc38a8.jpg,3
299908121_9b714d9e9f.jpg,3
299908155_03d3e262a7.jpg,3
299908167_007403500e.jpg,3
299908368_a652cbbf71.jpg,3
299908441_98b8b741b6.jpg,3
299908501_ebc21ca9a3.jpg,3
299908526_c4b69591e0.jpg,3
299908685_074a2a64ff.jpg,3
299908769_67d4b594fc.jpg,3
299908916_884c4abac6.jpg,3
299909415_7c3e9a325f.jpg,3
299909512_c0b7efe467.jpg,3
299909534_855330be05.jpg,3
299909557_4c285ecd21.jpg,3
299909564_d609c67e96.jpg,3
299909585_0c7192c7f1.jpg,3
320236361_c39c136d69.jpg,3
349272553_163ab6f1ab.jpg,3
402746542_a917cbbd11.jpg,3
414483337_e0e98df4f4.jpg,3
420629392_1ded5d434c.jpg,3
431299178_a87e44a3c9.jpg,3
436083190_059a3a650c.jpg,3
437594911_18a1e28294.jpg,3
441483993_f125423e79.jpg,3
443748511_210ce93e3d.jpg,3
518909736_566da0415b.jpg,3
529326640_90c82000f2.jpg,3
564939737_e5496e8682.jpg,3
66320947_356c0142a5.jpg,3
676444700_f8afa1c1af.jpg,3
713258272_dac005c6f4.jpg,3
762103003_ae9bf32ce6.jpg,3
762268133_3ea5efa6c8.jpg,3
763107170_87eff03b6e.jpg,3
773743552_cc967691db.jpg,3
78074651_8ff9641ebb.jpg,3
79949710_c64952c8c7.jpg,3
821875920_2cd4ea24be.jpg,3
876549361_cecb9a0bc4.jpg,3
877440862_f43d6cc9b9.jpg,3
897067658_7676958953.jpg,3
942613843_0b2c66addd.jpg,3
943099096_d4b9e3e494.jpg,3
962739251_9ab2646142.jpg,3
103548670_2c7ca7e928.jpg,4
1071025208_acf022059d.jpg,4
1113545850_0c906e3058.jpg,4
1197261747_1d3aaa68f4.jpg,4
1291655998_0bfba056cf.jpg,4
1334179252_e1742ec677.jpg,4
1335040905_ac7cc5204b.jpg,4
134389367_d9b002c251.jpg,4
1368924798_104da5551a.jpg,4
1376258066_683ee2f164.jpg,4
1394770822_608d9a52b2.jpg,4
1431159166_adae38daf5.jpg,4
1436187294_ab22051514.jpg,4
1436374646_2a40d8f9af.jpg,4
1481459812_916784c5dd.jpg,4
1481470556_e3e5a7b95e.jpg,4
150427234_7c7535926c.jpg,4
1522216176_55cef2c4da.jpg,4
152608869_653736252f.jpg,4
152609988_751b192348.jpg,4
1526740259_f997a1db24.jpg,4
162811904_c5eb23d86d.jpg,4
1662248390_e0118d8313.jpg,4
169139881_7ead317785.jpg,4
173219610_72cc34bf44.jpg,4
1755634565_9f522482c8.jpg,4
1783135813_01f6faa5e7.jpg,4
1784056990_5366982d51.jpg,4
1784392822_c02d84706e.jpg,4
1784815112_0347b8bbed.jpg,4
179742752_7bbb5c93dc.jpg,4
1807985489_ac4194600c.jpg,4
185708273_81535a05f4.jpg,4
1866000878_df022439c9.jpg,4
1906842772_6b1ffb49fc.jpg,4
193369487_7a054fd275.jpg,4
197753657_2239f7e2db.jpg,4
20209234_fe4f5f673b.jpg,4
2036419156_a4c7a12342.jpg,4
2040528465_02f5589bb5.jpg,4
2041318998_34057f7e01.jpg,4
2048017252_9f85331a71.jpg,4
2048022954_261bda4a4b.jpg,4
2049906021_62f09eb105.jpg,4
2050705060_0e766c0366.jpg,4
2065681659_6168dc618b.jpg,4
2068343289_d18235b00e.jpg,4
2071165973_3a6cdb021a.jpg,4
2071947384_57bd4ec1e3.jpg,4
2078231465_45f5876c9a.jpg,4
2093318218_9ccc3815a2.jpg,4
209458208_a745f0c80c.jpg,4
2107863707_5cc401384c.jpg,4
2128204438_25a638106d.jpg,4
2176649402_3e698c2195.jpg,4
2187700534_7e4c9980e7.jpg,4
2211668026_e76978a49c.jpg,4
2211688096_c729efd72b.jpg,4
2225824059_e6a53137a9.jpg,4
2286921836_8117959b2f.jpg,4
2294206231_161173f789.jpg,4
2298001264_22771afb5c.jpg,4
2298885016_9094e72cf4.jpg,4
2311652296_e5c748129c.jpg,4
232153372_eaef1ddfdd.jpg,4
2338179371_a722119c84.jpg,4
2338752681_5d272d7b2e.jpg,4
2348915078_cbaf84cb53.jpg,4
2372415025_426d562e62.jpg,4
2372461891_f13ccee97d.jpg,4
2383092579_fcf7b4ab9a.jpg,4
2383094819_5aac662f80.jpg,4
2396098312_53253eaa59.jpg,4
2396102584_1b9078a0c9.jpg,4
2396103660_3397794d36.jpg,4
2396163328_18320dec61.jpg,4
2397339930_915da39b1b.jpg,4
2403970784_63420c0533.jpg,4
2438822229_98edf06d3d.jpg,4
2438884724_7e16af539d.jpg,4
2442123923_3d64e8ca3c.jpg,4
2454670740_9c0b78cdb9.jpg,4
2457345140_c5fc12261c.jpg,4
245817145_809a8b9c02.jpg,4
2463943839_9a7f463dd1.jpg,4
2467639577_26be841302.jpg,4
2468367989_215b4d468f.jpg,4
2494640520_b43b376c00.jpg,4
2500459098_7040572cfd.jpg,4
2524647202_3a7dde6872.jpg,4
2525091458_9dbd77ec94.jpg,4
2526271922_7c65948367.jpg,4
2552575187_af82635743.jpg,4
2556089045_4d3e050fde.jpg,4
2556142133_ba687f262e.jpg,4
2556175663_d56cb739a1.jpg,4
2556930306_80b8ca58bf.jpg,4
2572484663_582a28a6fe.jpg,4
2573296426_c5616a4a10.jpg,4
2573302608_8d72eebec7.jpg,4
2583114988_42d6f7d2b6.jpg,4
2585783276_84598fe454.jpg,4
2587454571_7950941d83.jpg,4
2596038356_82dd5c9512.jpg,4
2615325272_2865d8cbc2.jpg,4
2633269595_695d137ffd.jpg,4
2642779150_806e77d720.jpg,4
2665409158_32e0dced97.jpg,4
2665443302_053cb74c67.jpg,4
2665545701_31571bef4f.jpg,4
2672690969_8ac45f25f6.jpg,4
2685042699_87e6123181.jpg,4
2698232000_a3d71d7935.jpg,4
2715742574_622666ea2e.jpg,4
272541964_9e6f3cb495.jpg,4
274856330_fa582b19d1.jpg,4
282870606_a4132851de.jpg,4
295966977_cefb0a1cb8.jpg,4
301013852_dafd2b9e7d.jpg,4
306163940_ace4552168.jpg,4
309204057_9f8841861b.jpg,4
312286962_c213df5962.jpg,4
33583852_90fb1c975d.jpg,4
348755660_60302ebbd8.jpg,4
352731673_f0c0ae9717.jpg,4
366764460_99d73158f2.jpg,4
372847154_79ffec59b1.jpg,4
384315198_b05cbc571f.jpg,4
38475678_0ea6546a40.jpg,4
385105056_10a9e3e1aa.jpg,4
396766134_432bfaea37.jpg,4
41001413_18054adbac.jpg,4
424591877_aa66359999.jpg,4
446198354_07eab7d7e5.jpg,4
448291484_0cb697fd1c.jpg,4
471269777_bab8f56fd2.jpg,4
474810465_1f0e3974e1.jpg,4
476883763_dd7aaf38f7.jpg,4
477467437_4c812d9dd2.jpg,4
481888360_315ce6383f.jpg,4
485249025_3cfe63626a.jpg,4
492634718_9755785d7e.jpg,4
492676566_8c78cfb4bc.jpg,4
493545484_fe2eacab6d.jpg,4
526622286_bd630254d9.jpg,4
531727604_fe1f90b973.jpg,4
535023268_e0c7168457.jpg,4
590239781_3b76319de3.jpg,4
60346136_6c481072db.jpg,4
617557061_67caefa504.jpg,4
71873009_4c606a0926.jpg,4
730057483_c5cb839328.jpg,4
73902476_ee906db366.jpg,4
73903273_c8e756f861.jpg,4
73903429_443684c658.jpg,4
742419835_3c51e2052b.jpg,4
753453193_55cda74276.jpg,4
758753627_ccd9363f55.jpg,4
78185784_cdf4b56736.jpg,4
843446286_0fc57e0de9.jpg,4
848178605_6f88fbc1d8.jpg,4
86169254_0c947444ce.jpg,4
862147954_92dadce80d.jpg,4
90140410_9ebf119e96.jpg,4
92167594_28781330f8.jpg,4
92169964_a1c7a8c969.jpg,4
1002879756_98b62b8b77.jpg,5
102167461_92db247353.jpg,5
110020961_797ad9cf30.jpg,5
1114643352_27ad1fd5cd.jpg,5
1124733995_cde9a34d46.jpg,5
1155266167_46d04fca90.jpg,5
1185122089_2d4905698b.jpg,5
119027035_e435c5a4af.jpg,5
1199713044_61a099f0b5.jpg,5
1224782554_c83b4109ba.jpg,5
1285017279_54e5a03413.jpg,5
129119136_7497350ef2.jpg,5
13135142_b562e58b3c.jpg,5
13135277_620711e6c0.jpg,5
1315363054_7b0b928400.jpg,5
134084966_b72b680ff5.jpg,5
1368677930_4782ba6963.jpg,5
139539078_ebb3ae33ae.jpg,5
1397712539_8f45c650ea.jpg,5
1425867308_1877f5522f.jpg,5
1437477213_af53fd281e.jpg,5
1444628852_3c6dcc72a7.jpg,5
145426559_22d4300522.jpg,5
153179188_32da0cd26e.jpg,5
1623250689_f682324f01.jpg,5
1682088406_3d17012ad7.jpg,5
1762139083_e1d877f40e.jpg,5
184922302_e2bf465f37.jpg,5
1937542154_d8e9525cd4.jpg,5
2041619825_cf218dec59.jpg,5
2067384299_de5e611c25.jpg,5
2077694892_581bc45250.jpg,5
2082670866_5841050561.jpg,5
2095723141_99f1b376db.jpg,5
2123654661_8a25f047de.jpg,5
215746473_535614350a.jpg,5
215751106_a3215eb718.jpg,5
216430027_1b9bc9e5a9.jpg,5
2188163398_63dbca4c97.jpg,5
2190410684_cc36dc6653.jpg,5
2211350168_4cdb182dda.jpg,5
2211719103_6d70896125.jpg,5
221497747_bc869a838c.jpg,5
2233392126_9fcf2c9d73.jpg,5
2237107789_c7b8f0956b.jpg,5
2244567806_204fc0c88d.jpg,5
2310972690_ee957d5095.jpg,5
2332052123_8abab912d8.jpg,5
2341233130_858becefc0.jpg,5
2374195076_13ebc54c54.jpg,5
2378215503_f7dcca4e7e.jpg,5
2378863140_75ebe80c1c.jpg,5
2385451046_23ae5bdd35.jpg,5
2405724248_0cb4e7fe9c.jpg,5
2406306559_6f3e3610c6.jpg,5
240910705_9a3628dfc7.jpg,5
24219078_bc73b703fe.jpg,5
2431278037_fe33b9b914.jpg,5
2438868436_9587155f80.jpg,5
2440963873_66eb4e8e3b.jpg,5
2455963296_e6f2fd559d.jpg,5
2458458216_5e9f6376f0.jpg,5
2458458762_b25b9ff031.jpg,5
247439591_32bf168ebf.jpg,5
2477781980_6fdb43f992.jpg,5
2482202336_9feedfe25f.jpg,5
2484737028_ce1f92bf87.jpg,5
2488094258_bb5331e552.jpg,5
2506368992_44ac786457.jpg,5
252125148_fa58981408.jpg,5
2541180104_550abe9b45.jpg,5
2552613739_edc8624ce3.jpg,5
2558892266_bf5879bbac.jpg,5
256681806_c966b1a854.jpg,5
2584105306_b0f0775a08.jpg,5
2584437030_41b08867d8.jpg,5
2599959699_21ae8bb76c.jpg,5
2613123279_ac68ccc045.jpg,5
2618918885_600cc561c6.jpg,5
2646218126_59aa8f5b12.jpg,5
2651322747_5ba64a8dc6.jpg,5
2681701084_803045f155.jpg,5
2692311348_1d04657809.jpg,5
271868596_c4eec191ae.jpg,5
2722647706_db9b2c8d27.jpg,5
272344057_b95cef1c89.jpg,5
2737763168_83043a4794.jpg,5
27408137_5a0e07c80a.jpg,5
2750019314_a4c6c217b9.jpg,5
2792956203_f2f5e2cf3a.jpg,5
2821507983_7f33271c9b.jpg,5
2825935103_bedbfc7d8e.jpg,5
2833729287_334d72d522.jpg,5
2845765677_29fcd58515.jpg,5
2846854026_52fff648f1.jpg,5
2852656888_414f990369.jpg,5
2883060090_a87ffeb1e6.jpg,5
2923872333_f89f4667c9.jpg,5
2931696860_eb5bfaaf49.jpg,5
2989673263_63deba3611.jpg,5
2994204370_9c3f91209d.jpg,5
3009385368_343ea70ab6.jpg,5
3017144465_38953c3995.jpg,5
3019533492_1c336af840.jpg,5
3020644785_ddee516c2b.jpg,5
303223364_3e3113f6ae.jpg,5
3048728237_1923c3709d.jpg,5
3081758687_30f80440b3.jpg,5
3082651062_d0ea7fd37a.jpg,5
308618424_d320b98da4.jpg,5
3132764653_61802ec9b0.jpg,5
3133585930_25aa794332.jpg,5
3141557527_645643bd3a.jpg,5
3196827847_3338f40834.jpg,5
3206827997_7bede64a78.jpg,5
323045728_5953142a50.jpg,5
3237923819_35ba193498.jpg,5
324761752_743faf2258.jpg,5
3257211985_267b47d8cd.jpg,5
3276879367_cf2521810a.jpg,5
3280378235_3b1f96a949.jpg,5
3285692481_e072dcd5db.jpg,5
3297514237_c87d79f27f.jpg,5
329755682_d031645950.jpg,5
3305329325_ecd85130c0.jpg,5
3317503238_b1e383f8f4.jpg,5
3326491661_1ee3367bbd.jpg,5
3329669180_df12275f99.jpg,5
3329821549_47059130d8.jpg,5
3330637164_8b18d57f1d.jpg,5
3330723402_e607d92744.jpg,5
3335084412_ea25aebf8a.jpg,5
3342775781_1c798a22b6.jpg,5
3351105691_b4f54fd561.jpg,5
336324606_908489d5a7.jpg,5
3373260968_2a4b101389.jpg,5
3409446485_b762183daf.jpg,5
3423091126_5c3b80320c.jpg,5
3424955461_693fcd3726.jpg,5
3426958281_a57f3cab1a.jpg,5
3453852090_55bc42ce85.jpg,5
348137079_e9af466452.jpg,5
372525666_e819e0fcf3.jpg,5
374930660_37dc35789b.jpg,5
375074927_a59531572b.jpg,5
3839505801_551ca2b691.jpg,5
385656515_56c08b79bd.jpg,5
403881131_7786e60ffb.jpg,5
4138546807_0ca2cd79db.jpg,5
416319549_51c7776eb4.jpg,5
421394661_17cfd56c15.jpg,5
42760834_a16c8fc545.jpg,5
435389291_43c0fd95bd.jpg,5
437850148_37f8b05523.jpg,5
439801638_962d1cbd84.jpg,5
446577942_bb74bb083b.jpg,5
471489785_491d6f8fe6.jpg,5
473625522_387095e96d.jpg,5
48708501_ccad708c81.jpg,5
508906228_55e5fd634f.jpg,5
508906242_86cc7539f9.jpg,5
508906244_31ca5d5377.jpg,5
508924522_357ab764e4.jpg,5
508924562_315ede738b.jpg,5
508940519_c19aa782ca.jpg,5
516772693_c862f588f2.jpg,5
516845311_54815b1dc2.jpg,5
527380383_48059ea4f4.jpg,5
531895101_c4545441d8.jpg,5
545384827_7dfd134a09.jpg,5
58806822_ff32083701.jpg,5
6833336_10bd6e9af1.jpg,5
72157860_56f46f55d8.jpg,5
763941724_270413eba8.jpg,5
852141781_c4d9308224.jpg,5
873247866_794b771500.jpg,5
94504326_8a5501cd13.jpg,5
94823243_74f0971310.jpg,5
9490422_bca9aaaf61.jpg,5
9693811_9cfac4885c.jpg,5
